repo,cbo,dit,lcom,loc
201206030_novel,4.415841584158416,1.0693069306930694,20.425742574257427,
201206030_novel-plus,6.480676328502415,1.2077294685990339,46.15700483091788,
527515025_springBoot,5.087121212121212,1.1477272727272727,15.496212121212121,
648540858_wvp-GB28181-pro,8.24015247776366,1.2846251588310038,33.30368487928844,
981011512_--,3.541921483527323,2.910830538567765,440.4263168277767,
abel533_Mapper,5.086206896551724,1.2435344827586208,36.23706896551724,
ac-pm_Inspeckage,3.3540372670807455,1.204968944099379,2.1366459627329193,
Activiti_Activiti,5.814414940180916,1.5211555296177415,89.50277210388094,
Aefyr_SAI,6.427109974424552,1.5396419437340154,13.263427109974424,
aeron-io_aeron,8.013382899628253,1.3033457249070632,118.86840148698884,
airbnb_epoxy,6.86437908496732,1.8235294117647058,138.3202614379085,
airbnb_lottie-android,6.965635738831615,1.288659793814433,35.80068728522337,
alibaba_Alink,6.437721549932771,1.62657376848796,34.70272582813837,
alibaba_ARouter,3.693877551020408,1.4081632653061225,17.448979591836736,
alibaba_arthas,4.691734921816828,1.3618763961280715,30.198808637379003,
alibaba_atlas,5.638559708295351,1.4357338195077485,29.88422971741112,
alibaba_canal,5.8007590132827325,1.3785578747628084,77.03415559772296,
alibaba_cobar,4.811182401466544,1.686526122823098,40.05591200733272,
alibaba_COLA,4.3291592128801435,1.3273703041144902,4.974955277280858,
alibaba_DataX,4.495908346972176,1.7152209492635024,22.648936170212767,
alibaba_dexposed,2.9166666666666665,1.6944444444444444,82.83333333333333,
alibaba_druid,5.236052940190986,1.6552186295861953,229.35449824091137,
alibaba_easyexcel,6.632142857142857,1.375,32.025,
alibaba_fastjson,1.8523786944839575,1.5043464517148728,126.12122648964754,
alibaba_fastjson2,2.839300244100895,1.1942636289666395,276.14910496338484,
alibaba_jstorm,5.037664307381193,1.455510616784631,42.374115267947424,
alibaba_jvm-sandbox,3.4827586206896552,1.3264367816091953,12.360919540229885,
alibaba_nacos,5.4310242747187685,1.272547858693507,22.579435563449774,
alibaba_otter,4.594907407407407,1.4537037037037037,32.454475308641975,
alibaba_spring-cloud-alibaba,4.055555555555555,1.0555555555555556,3.8333333333333335,
alibaba_transmittable-thread-local,5.584415584415584,1.4350649350649352,12.435064935064934,
alibaba_vlayout,5.314465408805032,1.8553459119496856,72.54088050314465,
alipay_SoloPi,4.623076923076923,1.205982905982906,13.135897435897435,
alldatacenter_alldata,7.0061213132999445,1.5308848080133557,205.11853088480802,
Alluxio_alluxio,6.906630245840576,1.4834864663521232,30.658803079215296,
amirzaidi_Launcher3,7.240404040404041,1.4747474747474747,63.68080808080808,
amitshekhariitbhu_Android-Debug-Database,4.147540983606557,1.278688524590164,8.80327868852459,
amitshekhariitbhu_android-interview-questions,0.0,1.0,0.0,
amitshekhariitbhu_Fast-Android-Networking,3.219130434782609,1.2504347826086957,13.768695652173912,
amitshekhariitbhu_from-java-to-kotlin,0.5,1.0,0.0,
android-async-http_android-async-http,5.662337662337662,1.7857142857142858,45.87662337662338,
androidannotations_androidannotations,5.926595744680851,1.6617021276595745,26.709574468085105,
android_views-widgets-samples,4.019736842105263,1.730263157894737,7.0131578947368425,
Angel-ML_angel,7.427760577915377,1.7466460268317854,63.43085655314758,
ant-media_Ant-Media-Server,5.689336691855583,1.3299748110831233,163.9647355163728,
AntennaPod_AntennaPod,7.55011655011655,1.486013986013986,20.848484848484848,
antlr_antlr4,5.7734138972809665,1.8353474320241692,48.30211480362538,
antoniolg_androidmvp,3.2857142857142856,1.2857142857142858,3.0,
Anuken_Mindustry,nan,nan,nan,
aosp-mirror_platform_frameworks_base,7.3119569396386,1.726720492118416,2199.988568499295,
apache_avro,6.5767131594906,1.9484536082474226,42.14978775015161,
apache_beam,7.478621608527132,1.5287063953488371,20.464752906976745,
apache_calcite,7.69467106405138,1.7005728172192327,404.01544870682176,
apache_camel,4.85161449346808,1.6230084926165773,80.35357518990746,
apache_cassandra,6.894632509911558,1.7731015553522416,60.63342482464166,
apache_dolphinscheduler,7.602497398543184,1.3069719042663892,12.213319458896983,
apache_druid,7.8887925861724115,1.3754250283352223,62.52163477565171,
apache_dubbo,5.430673115679162,1.2875856509471988,46.03708182184603,
apache_fesod,6.086178861788618,1.3691056910569106,30.291056910569107,
apache_flink,7.2811803755740465,1.6243804846996772,38.73136907197745,
apache_fory,5.299582463465553,2.1346555323590812,46.907098121085596,
apache_gravitino,7.120954356846473,1.9058091286307053,21.786929460580915,
apache_hbase,7.873948136699296,1.494676283702559,70.14769019405804,
apache_hertzbeat,7.125145518044238,1.2415599534342259,13.057043073341095,
apache_hudi,9.300122498979174,1.5700285830951408,66.36341363821968,
apache_iceberg,8.625282631038028,1.6908530318602262,37.134018499486125,
apache_incubator-kie-drools,7.0057865409344195,1.4723531933133305,92.68152593227605,
apache_incubator-kie-optaplanner,7.429815745393634,1.8284757118927972,52.894137353433834,
apache_incubator-seata,6.4856184084372,1.766059443911793,460.18216682646215,
apache_iotdb,8.325510647544546,1.6132116471099522,111.49684919600173,
apache_kafka,7.99661514159991,1.4354056188649442,64.99480988378653,
apache_logging-log4j2,6.066202090592334,1.7386759581881532,32.02439024390244,
apache_netbeans,4.757097517499239,1.7352289030911698,60.08985116589134,
apache_nifi,6.393415637860082,1.4901234567901234,36.12139917695473,
apache_paimon,7.9650300247262455,1.4911691981631932,26.365948428117274,
apache_pinot,7.416488794023479,1.523479188900747,57.531883671291354,
apache_rocketmq-externals,5.749090909090909,1.250909090909091,16.45090909090909,
apache_shardingsphere,7.517397521448999,1.3703527168732126,31.246782650142993,
apache_shardingsphere-elasticjob,5.4638655462184875,1.1546218487394957,3.1983193277310926,
apache_shenyu,5.524762908324552,1.2355110642781875,23.729715489989463,
apache_storm,5.362525458248473,1.2219959266802445,49.10092781172211,
apache_streampark,7.75,1.2748091603053435,20.146946564885496,
apache_tomcat,4.543007360672976,1.8197686645636173,182.464563617245,
apache_zeppelin,5.588793922127255,1.2568850902184237,43.3988603988604,
apache_zookeeper,5.6883484162895925,1.9926470588235294,37.085407239819006,
apereo_cas,10.192611269458451,1.4893663670247752,7.803771102828327,
apolloconfig_apollo,7.534351145038168,1.2404580152671756,15.43765903307888,
aporter_coursera-android,4.2368421052631575,1.488486842105263,3.3601973684210527,
apple_pkl,6.39811542991755,4.319787985865724,29.85630153121319,
Archmage83_tvapk,nan,nan,nan,
arduino_Arduino,3.8533333333333335,1.6444444444444444,32.72222222222222,
aritraroy_UltimateAndroidReference,1.0,1.0,0.0,
AsamK_signal-cli,7.015267175572519,1.5419847328244274,62.971374045801525,
ashishps1_awesome-system-design-resources,0.8181818181818182,1.0,0.0,
Ashok-Varma_BottomNavigation,7.533333333333333,1.4333333333333333,69.26666666666667,
asLody_VirtualApp,3.9387323943661974,2.5880281690140845,15.611267605633802,
Athou_commafeed,7.442379182156134,1.3680297397769516,5.962825278810409,
aurelhubert_ahbottomnavigation,5.108695652173913,1.173913043478261,57.47826086956522,
auth0_java-jwt,5.662790697674419,1.627906976744186,142.74418604651163,
AutoMQ_automq,7.224308088393049,1.402274190087964,45.88532503754559,
awsdocs_aws-doc-sdk-examples,7.114949374627755,1.0399047051816557,6.362715902322811,
awsdocs_aws-lambda-developer-guide,5.090909090909091,1.0909090909090908,5.242424242424242,
aws_aws-sdk-java,6.992925453026713,1.2044799781797106,127.52550246330611,
AxonFramework_AxonFramework,6.146536412078153,1.2566607460035524,11.960035523978686,
azkaban_azkaban,6.472330475448168,1.3522992985190958,35.84021823850351,
Azoft_CarouselLayoutManager,4.16,1.28,26.96,
baidu_uid-generator,2.88,1.28,11.72,
baomidou_dynamic-datasource,5.410112359550562,1.1404494382022472,2.3258426966292136,
baomidou_mybatis-plus,5.909003831417625,1.3342911877394636,25.10727969348659,
baoyongzhang_SwipeMenuListView,4.393939393939394,1.4545454545454546,15.242424242424242,
Baseflow_PhotoView,4.733333333333333,1.3555555555555556,24.6,
bauerca_drag-sort-listview,3.949367088607595,1.7721518987341771,28.70886075949367,
Bearded-Hen_Android-Bootstrap,6.962025316455696,1.6708860759493671,31.39240506329114,
beemdevelopment_Aegis,7.432314410480349,1.7096069868995634,22.87117903930131,
ben-manes_caffeine,5.065340909090909,1.5525568181818181,166.43394886363637,
bepass-org_oblivion,5.637931034482759,1.4827586206896552,11.620689655172415,
Bigkoo_Android-PickerView,3.7252747252747254,1.1538461538461537,15.494505494505495,
bilibili_DanmakuFlameMaster,5.162790697674419,1.6104651162790697,47.50581395348837,
bilibili_MagicaSakura,8.297619047619047,1.6785714285714286,25.44047619047619,
binarywang_WxJava,5.4610877128731,1.2107672587438199,21.0,
bingoogolapple_BGARefreshLayout-Android,5.148148148148148,1.4074074074074074,9.796296296296296,
binIoter_GuideView,3.742857142857143,1.3714285714285714,8.228571428571428,
bisq-network_bisq,7.488559892328398,1.7499327052489906,30.165545087483178,
bitcoinj_bitcoinj,7.1264,1.7248,87.9696,
bjmashibing_InternetArchitect,4.739507959479016,1.1562952243125904,63.769898697539794,
Blankj_AndroidUtilCode,4.16865671641791,1.364179104477612,144.95373134328358,
Blankj_awesome-java-leetcode,1.6805555555555556,1.0,1.1666666666666667,
blossom-editor_blossom,5.724137931034483,1.3448275862068966,6.977011494252873,
bluelinelabs_Conductor,5.476744186046512,1.3488372093023255,71.33720930232558,
bluelinelabs_LoganSquare,3.859375,1.75,8.651041666666666,
BlueMap-Minecraft_BlueMap,6.442028985507246,1.2753623188405796,14.90036231884058,
bmelnychuk_AndroidTreeView,5.688888888888889,1.4444444444444444,49.55555555555556,
brianfrankcooper_YCSB,7.055084745762712,1.6355932203389831,7.851694915254237,
brianway_java-learning,1.0849933598937582,1.2868525896414342,0.5962815405046481,
brianway_springmvc-mybatis-learning,2.926829268292683,1.1951219512195121,156.6219512195122,
bytedance_ByteX,5.227665706051873,1.7579250720461095,16.259365994236312,
bytedeco_javacpp,5.911627906976745,2.0093023255813955,151.13953488372093,
bytedeco_javacv,6.130044843049327,2.116591928251121,134.847533632287,
cabaletta_baritone,6.6997885835095135,1.386892177589852,22.167019027484145,
CalebFenton_simplify,7.916398713826367,1.4019292604501608,20.742765273311896,
camunda_camunda-bpm-platform,7.011692210459788,1.4999209985779745,136.5361036498657,
careercup_ctci,1.9581993569131833,1.1189710610932475,5.096463022508039,
careercup_CtCI-6th-Edition,2.12807881773399,1.0689655172413792,4.482758620689655,
castorflex_SmoothProgressBar,4.854166666666667,1.2291666666666667,26.3125,
CellularPrivacy_Android-IMSI-Catcher-Detector,5.059760956175299,1.3306772908366533,4.964143426294821,
CeuiLiSA_Pixiv-Shaft,4.879472693032015,1.4444444444444444,25.340866290018834,
ChadCSong_ShineButton,4.833333333333333,1.625,23.625,
changmingxie_tcc-transaction,5.097701149425287,1.3563218390804597,24.341954022988507,
checkstyle_checkstyle,nan,nan,nan,
chennaione_sugar,3.4512820512820515,1.1846153846153846,16.774358974358975,
chentao0707_SimplifyReader,4.136075949367089,1.379746835443038,60.29430379746835,
chewiebug_GCViewer,5.274914089347079,2.1649484536082473,49.044673539518904,
chinabugotech_hutool,3.5394206087275393,1.2805280528052805,101.06894022735607,
chrisbanes_Android-PullToRefresh,6.024390243902439,2.1341463414634148,55.84146341463415,
chrisjenx_Calligraphy,5.72,1.44,11.36,
ChrisRM_material-theme-jetbrains,4.330532212885154,2.2549019607843137,84.42296918767506,
citerus_dddsample-core,7.089171974522293,1.127388535031847,7.031847133757962,
cjlin1_libsvm,3.264705882352941,1.3529411764705883,19.61764705882353,
Clans_FloatingActionButton,4.638297872340425,1.3829787234042554,139.68085106382978,
classgraph_classgraph,4.239316239316239,1.423931623931624,32.82393162393162,
clojure_clojure,3.599781897491821,1.495092693565976,130.2071973827699,
code4craft_netty-learning,5.063573883161512,1.6503436426116838,39.24914089347079,
code4craft_webmagic,4.531976744186046,1.183139534883721,11.465116279069768,
codecentric_spring-boot-admin,7.753812636165577,1.289760348583878,7.2636165577342044,
codeestX_GeekNews,4.624145785876993,1.4464692482915718,10.009111617312072,
CodeRayZhang_Movie_Recommend,3.5850340136054424,1.183673469387755,239.7074829931973,
CodingDocs_springboot-guide,4.115107913669065,1.1798561151079137,1.3525179856115108,
Col-E_Recaf,8.438175270108044,1.582232893157263,27.2953181272509,
conductor-oss_conductor,7.444444444444445,1.2252050708426547,61.044742729306485,
crazycodeboy_react-native-splash-screen,3.4166666666666665,1.25,2.0,
crazycodeboy_TakePhoto,5.054545454545455,1.2545454545454546,10.89090909090909,
crossoverJie_JCSprout,1.962962962962963,1.0925925925925926,1.7654320987654322,
cryptomator_cryptomator,8.41014799154334,1.4207188160676534,19.62367864693446,
cSploit_android,4.208984375,1.517578125,15.65234375,
cymcsg_UltimateRecyclerView,5.214659685863874,1.693717277486911,41.39267015706806,
cyrilmottier_GreenDroid,5.9,1.9,26.084615384615386,
daimajia_AndroidImageSlider,4.063492063492063,1.5714285714285714,59.095238095238095,
daimajia_AndroidSwipeLayout,3.7162162162162162,1.3243243243243243,58.9054054054054,
daimajia_AndroidViewAnimations,3.3780487804878048,1.8048780487804879,2.292682926829268,
daimajia_NumberProgressBar,3.1666666666666665,1.3333333333333333,91.83333333333333,
danielzeller_Depth-LIB-Android-,3.787037037037037,1.212962962962963,13.351851851851851,
daniulive_SmarterStreaming,3.8430232558139537,1.052325581395349,71.55232558139535,
dariuszseweryn_RxAndroidBle,5.373165618448637,1.3144654088050314,53.482180293501045,
databricks_learning-spark,2.827067669172932,1.0150375939849625,1.7969924812030076,
datahub-project_datahub,11.316331417624522,1.2088122605363985,21.833812260536398,
davemorrissey_subsampling-scale-image-view,5.625,1.5833333333333333,79.72222222222223,
davideas_FlexibleAdapter,5.987730061349693,2.1134969325153374,102.15644171779141,
dbeaver_dbeaver,nan,nan,nan,
ddd-by-examples_library,6.788617886178862,1.0406504065040652,5.430894308943089,
deathmarine_Luyten,2.3488372093023258,1.5426356589147288,15.449612403100776,
debezium_debezium,6.820489844683393,1.6048387096774193,60.638888888888886,
deeplearning4j_deeplearning4j,8.395927601809955,2.1933518969718064,54071.89227288549,
dependency-check_DependencyCheck,6.955252918287938,1.8326848249027237,63.961089494163424,
Devlight_InfiniteCycleViewPager,5.048780487804878,1.6341463414634145,102.53658536585365,
dianping_cat,5.378435517970401,1.43446088794926,23.035940803382665,
didi_DoKit,4.503505417463352,1.3205863607393244,71.76673040152964,
didi_KnowStreaming,7.19593147751606,1.8190578158458244,10.322269807280515,
didi_VirtualAPK,4.895705521472393,1.6134969325153374,17.57668711656442,
Dimezis_BlurView,5.9,1.5,7.0,
discord-jda_JDA,8.836464857341683,1.8190675017397355,129.12178148921365,
dmytrodanylyk_android-process-button,5.25,1.95,25.55,
dmytrodanylyk_circular-progress-button,3.9743589743589745,1.2820512820512822,25.333333333333332,
Docile-Alligator_Infinity-For-Reddit,6.98625,1.545625,31.3475,
Doikki_DKVideoPlayer,5.326259946949602,1.5915119363395225,46.753315649867375,
dongjunkun_DropDownMenu,4.526315789473684,1.368421052631579,2.1578947368421053,
doocs_advanced-java,0.0,1.0,0.0,
doocs_leetcode,2.691860465116279,1.005813953488372,0.36627906976744184,
dragonwell-project_dragonwell8,nan,nan,nan,
dreamhead_moco,5.811643835616438,1.5393835616438356,34.570205479452056,
DrKLO_Telegram,6.956182852327786,1.676708096341549,70.4876764272172,
DroidPluginTeam_DroidPlugin,3.3027989821882953,4.388040712468193,3.699745547073791,
dromara_hmily,5.375434530706837,1.2213209733487833,10.818076477404404,
dromara_lamp-cloud,7.769889840881273,1.2705018359853122,6.891064871481028,
dromara_Sa-Token,4.492146596858639,1.219895287958115,60.223821989528794,
dropwizard_dropwizard,5.955956678700361,1.5155234657039711,18.823104693140795,
dropwizard_metrics,5.525956284153006,1.3674863387978142,9.140710382513662,
dtinit_data-transfer-project,6.901315789473684,1.2532894736842106,6.9923245614035086,
DuGuQiuBai_Java,0.7722132471728594,1.1777059773828755,1.0791599353796446,
dunwu_db-tutorial,5.205741626794258,1.1818181818181819,32.60765550239235,
dyc87112_SpringCloud-Learning,5.878205128205129,1.044871794871795,28.733974358974358,
eclipse-vertx_vert.x,6.687932739861523,1.6374876360039565,157.64193867457962,
elastic_elasticsearch,nan,nan,nan,
elastic_logstash,5.413719185423365,1.6216505894962487,21.430868167202572,
ElderDrivers_EdXposed,6.065217391304348,1.6032608695652173,191.0782608695652,
emanuele-f_PCAPdroid,9.359683794466402,1.5612648221343874,88.3913043478261,
enso-org_enso,7.180967238689548,1.687467498699948,46.095163806552264,
esoxjem_MovieGuide,5.8,1.123076923076923,10.707692307692307,
eugenp_tutorials,4.121842616580311,1.110589378238342,5.907423898963731,
evant_gradle-retrolambda,4.6,1.04,2.16,
evrencoskun_TableView,6.654205607476635,1.6261682242990654,57.728971962616825,
exadel-inc_CompreFace,7.852852852852853,1.6576576576576576,3.894894894894895,
Exrick_xboot,7.415472779369628,1.2120343839541547,2.656160458452722,
Exrick_xmall,4.310126582278481,1.1613924050632911,632.8291139240506,
Exrick_xpay,6.428571428571429,1.0,93.42857142857143,
FabricMC_fabric-api,6.861167002012072,1.1901408450704225,8.78420523138833,
facebookarchive_device-year-class,3.857142857142857,1.4285714285714286,9.714285714285714,
facebookarchive_react-native-fbsdk,7.166666666666667,1.8055555555555556,11.333333333333334,
facebook_buck,7.394327538883806,1.3828911253430924,28.987038731320524,
facebook_fresco,6.631368631368631,1.4155844155844155,27.182817182817182,
facebook_stetho,4.379251700680272,1.4234693877551021,7.496598639455782,
failsafe-lib_failsafe,6.38655462184874,2.063025210084034,19.176470588235293,
FCL-Team_FoldCraftLauncher,5.327852516193324,1.6651718983557549,50.243148978574986,
ffay_lanproxy,4.238095238095238,1.1904761904761905,8.206349206349206,
fishercoder1534_Leetcode,1.5520792848814613,1.0003886513797124,0.2876020209871745,
Flipboard_bottomsheet,4.897058823529412,1.3676470588235294,27.66176470588235,
florent37_MaterialViewPager,4.545454545454546,1.2954545454545454,9.386363636363637,
florent37_ShapeOfView,5.173913043478261,1.8043478260869565,29.02173913043478,
flutter-webrtc_flutter-webrtc,6.655555555555556,1.2222222222222223,40.0,
flyway_flyway,5.930666666666666,1.496,51.202666666666666,
FongMi_TV,6.869431643625192,1.4208909370199694,107.14900153609831,
forezp_SpringCloudLearning,4.5524475524475525,1.048951048951049,0.5454545454545454,
frank-lam_fullstack-tutorial,nan,nan,nan,
Freeyourgadget_Gadgetbridge,5.379522184300341,1.8339021615472126,38.69419795221843,
frohoff_ysoserial,5.458333333333333,1.3416666666666666,8.891666666666667,
fuzhengwei_itstack-demo-design,2.167441860465116,1.1069767441860465,5.325581395348837,
Fuzion24_JustTrustMe,2.2962962962962963,1.1851851851851851,2.7037037037037037,
gabrielemariotti_cardslib,5.901356350184956,2.177558569667078,18.620221948212084,
geekxh_hello-algorithm,1.0,1.0,0.0,
geoserver_geoserver,7.524054982817869,1.8223367697594501,42.66778350515464,
getActivity_AndroidProject,7.915531335149864,2.2534059945504086,19.852861035422343,
getActivity_Toaster,4.527777777777778,1.3333333333333333,38.638888888888886,
getActivity_XXPermissions,7.422360248447205,1.670807453416149,105.30434782608695,
go-lang-plugin-org_go-lang-idea-plugin,8.120141342756185,2.073321554770318,110.02915194346289,
gocd_gocd,7.505777609395719,1.2777041106270126,34.50274673233567,
GoogleContainerTools_jib,7.061079545454546,1.2215909090909092,17.115056818181817,
googlemaps_android-maps-utils,7.013761467889908,1.6743119266055047,37.908256880733944,
googlesamples_easypermissions,8.93939393939394,1.4848484848484849,12.212121212121213,
googlesamples_google-services,6.78125,1.59375,4.125,
google_agera,6.327586206896552,1.2413793103448276,14.844827586206897,
google_auto,4.1244560487380335,1.7136640557006093,25.942558746736292,
google_bindiff,5.249630723781388,1.9431314623338256,19.3397341211226,
google_bundletool,9.683673469387756,1.2653061224489797,83.3219954648526,
google_cameraview,4.833333333333333,1.2638888888888888,12.125,
google_error-prone,7.961967213114754,1.5527868852459017,27.23967213114754,
google_google-authenticator,3.8852459016393444,1.6885245901639345,29.65573770491803,
google_google-java-format,6.298701298701299,1.4610389610389611,87.97402597402598,
google_grafika,6.407766990291262,1.7475728155339805,6.893203883495145,
google_guava,4.212364243943191,1.8581453634085212,51.58646616541353,
google_guice,3.8005661348430264,1.3046834791559445,8.462171899125064,
google_j2objc,nan,nan,nan,
google_open-location-code,4.955223880597015,1.1791044776119404,4.552238805970149,
google_tsunami-security-scanner,6.228187919463087,1.5268456375838926,15.120805369127517,
grantland_android-autofittextview,5.375,1.375,40.75,
graphql-java_graphql-java,8.343864805290227,1.3666421748714181,36.373254959588536,
Graylog2_graylog2-server,8.218379068283344,1.330695596681557,18.297511167836632,
greenrobot_greenDAO,5.013736263736264,2.1016483516483517,47.4532967032967,
GrenderG_Toasty,4.0625,1.0625,56.625,
GrowingGit_GitHub-Chinese-Top-Charts,0.0,1.0,0.0,
grpc_grpc-java,5.652886671418389,1.4182109764789737,14.208303635067711,
guardianproject_haven,6.822784810126582,1.3924050632911393,11.772151898734178,
Guardsquare_proguard,9.25344827586207,1.2275862068965517,58.5448275862069,
gunnarmorling_1brc,3.17,1.09,7.58,
guolindev_LitePal,5.009950248756219,1.6517412935323383,49.44776119402985,
gyf-dev_ImmersionBar,6.352112676056338,2.1056338028169015,159.25352112676057,
gyoogle_tech-interview-for-developer,1.3076923076923077,1.0,0.9230769230769231,
gzu-liyujiang_AndroidPicker,5.435146443514644,1.6443514644351465,51.71548117154812,
H07000223_FlycoTabLayout,6.454545454545454,1.5454545454545454,223.0909090909091,
h2database_h2database,6.0244776119402985,2.056716417910448,176.99462686567165,
h2pl_JavaTutorial,0.3333333333333333,1.0,0.3333333333333333,
hackware1993_MagicIndicator,5.0,1.3398058252427185,26.941747572815533,
halo-dev_halo,7.6679174484052535,1.2520325203252032,7.6554096310193875,
hanks-zyh_HTextView,4.197802197802198,1.5604395604395604,3.4835164835164836,
HannahMitt_HomeMirror,2.727272727272727,1.0757575757575757,5.348484848484849,
hansonwang99_Spring-Boot-In-Action,3.8656716417910446,1.1194029850746268,6.007462686567164,
happydog-intj_CircleProgress,5.76,1.68,85.76,
happydog-intj_JsBridge,3.5,1.15625,17.09375,
HarlonWang_AVLoadingIndicatorView,3.5652173913043477,1.7826086956521738,6.75,
hazelcast_hazelcast,nan,nan,nan,
hdodenhof_CircleImageView,11.0,2.3333333333333335,178.66666666666666,
Heeexy_SpringBoot-Shiro-Vue,5.777777777777778,1.4074074074074074,9.444444444444445,
heibaiying_BigData-Notes,5.714285714285714,1.2207792207792207,0.8181818181818182,
hmkcode_Android,4.696428571428571,1.6428571428571428,2.142857142857143,
hneemann_Digital,5.047881122729774,1.6835443037974684,13.246009906439186,
hongyangAndroid_AndroidAutoLayout,5.833333333333333,2.0,8.807692307692308,
hongyangAndroid_FlowLayout,4.323529411764706,1.411764705882353,5.0,
hongyangAndroid_Highlight,4.216216216216216,1.3783783783783783,11.54054054054054,
hongyangAndroid_okhttputils,3.7285714285714286,1.457142857142857,6.2,
HotBitmapGG_bilibili-android-client,4.92128801431127,1.8175313059033988,42.7906976744186,
houbb_sensitive-word,3.0526315789473686,1.1710526315789473,20.86842105263158,
huangyanbin_smartTable,5.09065934065934,1.1895604395604396,25.928571428571427,
HuanTanSheng_EasyPhotos,4.84688995215311,1.3827751196172249,34.63157894736842,
huazhiyuan2008_RecyclerViewCardGallery,3.736842105263158,1.368421052631579,1.9473684210526316,
hussien89aa_AndroidTutorialForBeginners,4.511627906976744,1.496124031007752,2.744186046511628,
hustcc_JS-Sorting-Algorithm,3.5833333333333335,1.0,2.8333333333333335,
iflytek_astron-agent,nan,nan,nan,
igniterealtime_Openfire,nan,nan,nan,
ikarus23_MifareClassicTool,11.121212121212121,2.272727272727273,110.0,
ikew0ng_SwipeBackLayout,5.0,1.3888888888888888,61.333333333333336,
iluwatar_java-design-patterns,nan,nan,nan,
immutables_immutables,nan,nan,nan,
infinilabs_analysis-ik,4.926829268292683,1.3414634146341464,20.658536585365855,
internetarchive_heritrix3,nan,nan,nan,
IoT-Technology_IoT-Technical-Guide,4.085034013605442,1.248299319727891,3.163265306122449,
iPaulPro_Android-ItemTouchHelper-Demo,5.230769230769231,1.6153846153846154,3.5384615384615383,
iReaderAndroid_X2C,5.013888888888889,1.4027777777777777,58.84722222222222,
ittianyu_BottomNavigationViewEx,4.896551724137931,1.5862068965517242,50.13793103448276,
ityouknow_spring-boot-examples,4.726384364820847,1.0260586319218241,5.03257328990228,
ityouknow_spring-cloud-examples,3.8333333333333335,1.0166666666666666,0.4666666666666667,
j-easy_easy-rules,nan,nan,nan,
JabRef_jabref,nan,nan,nan,
jacoco_jacoco,4.238045738045738,1.4386694386694387,12.416839916839917,
jagrosh_MusicBot,6.741935483870968,2.5053763440860215,10.591397849462366,
JakeWharton_DiskLruCache,3.25,1.3333333333333333,11.0,
JakeWharton_hugo,5.714285714285714,1.1428571428571428,27.714285714285715,
JakeWharton_NineOldAndroids,4.2898550724637685,1.434782608695652,30.144927536231883,
JakeWharton_ThreeTenABP,4.285714285714286,1.4285714285714286,1.4285714285714286,
JakeWharton_u2020,6.2164179104477615,1.4253731343283582,23.619402985074625,
JakeWharton_ViewPagerIndicator,5.4393939393939394,2.242424242424242,29.272727272727273,
janishar_android-mvp-architecture,5.815068493150685,1.3835616438356164,14.10958904109589,
janishar_android-mvvm-architecture,5.701754385964913,1.5087719298245614,11.026315789473685,
janishar_mit-deep-learning-book-pdf,0.0,1.0,0.0,
JanusGraph_janusgraph,nan,nan,nan,
java-aodeng_hope-boot,5.669421487603306,1.2644628099173554,6.2727272727272725,
java-native-access_jna,nan,nan,nan,
java8_Java8InAction,1.7384615384615385,1.0717948717948718,2.58974358974359,
javagrowing_JGrowing,1.5263157894736843,1.0,1.9473684210526316,
JavaNoober_BackgroundLibrary,4.7899159663865545,1.2100840336134453,34.1764705882353,
javaparser_javaparser,8.71217348447511,1.9694430754066043,295.43716116313453,
Jay-Goo_RangeSeekBar,6.555555555555555,1.4444444444444444,373.5,
jboss-javassist_javassist,3.3828828828828827,1.5477477477477477,43.90810810810811,
JCTools_JCTools,4.671717171717172,4.3717171717171714,22.48181818181818,
jd-alexander_LikeButton,6.375,1.4375,23.3125,
jd-opensource_joyagent-jdgenie,4.98015873015873,1.119047619047619,4.734126984126984,
jdamcd_android-crop,4.290322580645161,1.3870967741935485,26.483870967741936,
jeasonlzy_ImagePicker,5.828947368421052,1.486842105263158,23.07894736842105,
jeasonlzy_okhttp-OkGo,5.595567867036011,1.6232686980609419,19.445983379501385,
jeecgboot_JeecgBoot,7.744710860366713,1.1904090267983074,66.63328631875882,
jeecgboot_jimureport,6.166666666666667,1.0,2.5,
jeequan_jeepay,8.776363636363635,1.7836363636363637,4.290909090909091,
JeremyLiao_LiveEventBus,3.227272727272727,1.1103896103896105,4.035714285714286,
JessYanCoding_AndroidAutoSize,5.408163265306122,1.4081632653061225,31.285714285714285,
JessYanCoding_MVPArms,6.644295302013423,1.2818791946308725,32.100671140939596,
JesusFreke_smali,6.018229166666667,1.6666666666666667,15.016493055555555,
JetBrains_fernflower,4.379358437935844,1.2398884239888424,33.4044630404463,
JetBrains_intellij-community,nan,nan,nan,
jfeinstein10_SlidingMenu,4.77027027027027,1.8243243243243243,47.445945945945944,
jgilfelt_android-viewbadger,4.142857142857143,1.2857142857142858,32.57142857142857,
jgilfelt_chuck,5.833333333333333,1.380952380952381,55.73809523809524,
jhy_jsoup,6.120728929384966,1.765375854214123,229.35535307517085,
JingMatrix_Vector,5.063492063492063,1.7174603174603174,51.75555555555555,
jitsi_jitsi,5.438607398197078,1.9011501398818775,39.3705315511346,
jlegewie_zotfile,nan,nan,nan,
JoanZapata_android-iconify,3.511627906976744,1.2325581395348837,5.186046511627907,
jOOQ_jOOQ,9.806346381969158,1.8217674970344009,1679.7283511269277,
journeyapps_zxing-android-embedded,5.4375,1.3645833333333333,21.916666666666668,
jpush_aurora-imui,4.807017543859649,1.5292397660818713,50.26900584795322,
JSQLParser_JSqlParser,6.2015945330296125,1.560364464692483,507.627562642369,
junit-team_junit-framework,4.716276477146042,1.298216276477146,35.71042363433668,
junit-team_junit4,3.8681169272603673,1.4643099932019035,12.961250849762067,
junixapp_XPopup,4.704918032786885,1.5770491803278688,22.901639344262296,
justauth_JustAuth,5.51010101010101,1.3434343434343434,12.984848484848484,
jwtk_jjwt,5.623423423423423,1.9945945945945946,25.834234234234234,
JZ-Darkal_AndroidHttpCapture,4.586750788643533,1.413249211356467,37.003154574132495,
Jzvd_JZVideo,6.2896174863387975,1.814207650273224,39.45355191256831,
k0shk0sh_FastHub,8.07387580299786,1.4379014989293362,34.75695931477516,
karatelabs_karate,5.6366782006920415,1.2006920415224913,148.818339100346,
karma9874_AndroRAT,2.8545454545454545,1.1636363636363636,1.3818181818181818,
Karumi_Dexter,4.425,1.2,4.15,
kdn251_interviews,1.1945525291828794,1.0038910505836576,0.2918287937743191,
kekingcn_kkFileView,nan,nan,nan,
kestra-io_kestra,8.0992599042229,1.43535045711798,15.367435785807576,
kevin-wayne_algs4,4.003584229390681,1.021505376344086,47.46953405017921,
keyboardsurfer_Crouton,6.3125,1.4375,36.875,
keycloak_keycloak,4.344228804902962,1.3094994892747702,101.19918283963227,
kikoso_android-stackblur,1.7804878048780488,1.0975609756097562,0.5853658536585366,
killme2008_aviatorscript,4.627862595419847,1.498091603053435,63.152671755725194,
KingJA_LoadSir,5.1891891891891895,1.554054054054054,4.013513513513513,
konsoletyper_teavm,5.808006707189269,1.5384615384615385,99.39362817019493,
koral--_android-gif-drawable,6.125,1.65625,59.734375,
koush_ion,4.536332179930795,1.4602076124567474,23.598615916955016,
krahets_hello-algo,1.8744186046511628,1.0,4.706976744186046,
krahets_LeetCode-Book,1.2920892494929006,1.002028397565923,0.07302231237322515,
ksoichiro_Android-ObservableScrollView,5.014925373134329,1.9671641791044776,7.570149253731343,
kubernetes-client_java,nan,nan,nan,
KunMinX_Jetpack-MVVM-Best-Practice,4.840336134453781,1.6218487394957983,12.0,
lakesoul-io_LakeSoul,8.600505689001265,1.777496839443742,107.77749683944374,
LandGrey_SpringBootVulExploit,3.4285714285714284,1.0,3.5714285714285716,
langchain4j_langchain4j,6.201374570446736,1.206414662084765,20.66712485681558,
languagetool-org_languagetool,5.395118230358505,1.5900076277650648,55.657513348588864,
laobie_StatusBarUtil,4.151515151515151,1.5454545454545454,22.545454545454547,
LaurieWired_GhidraMCP,16.333333333333332,1.6666666666666667,459.0,
LawnchairLauncher_lawnchair,9.174235932590689,1.4178806055412738,193.35218508997428,
lcodecorex_TwinklingRefreshLayout,4.28476821192053,1.3708609271523178,36.271523178807946,
lecho_hellocharts-android,6.42483660130719,1.6666666666666667,40.294117647058826,
lenve_VBlog,4.551724137931035,1.0344827586206897,29.06896551724138,
lenve_vhr,4.4361702127659575,1.0212765957446808,48.329787234042556,
leolin310148_ShortcutBadger,5.290322580645161,1.1612903225806452,3.4838709677419355,
lets-blade_blade,4.62214983713355,1.234527687296417,42.156351791530945,
lgvalle_Material-Animations,4.4,1.4666666666666666,4.7555555555555555,
liangfeidotme_MasteringAndroidDataBinding,3.923076923076923,2.0384615384615383,1.0769230769230769,
liaohuqiu_android-Ultra-Pull-To-Refresh,4.0186335403726705,1.4037267080745341,19.142857142857142,
LibrePDF_OpenPDF,5.9445701357466065,1.8484162895927603,91.4304298642534,
lightbend_config,5.485,2.055,76.245,
lihengming_spring-boot-api-project-seed,5.0,1.2666666666666666,9.733333333333333,
line_armeria,6.442510239906378,1.3111468695143358,32.68139262726741,
lingochamp_FileDownloader,4.5278810408921935,1.687732342007435,42.014869888475836,
lingochamp_okdownload,6.443148688046647,1.2653061224489797,35.25947521865889,
linhaojun857_aurora,7.287625418060201,1.117056856187291,7.25752508361204,
linkedin_cruise-control,7.487531172069826,1.5187032418952617,28.037406483790523,
linlinjava_litemall,4.6175040518638575,1.1264181523500811,1532.8849270664505,
LinShunKang_MyPerf4J,3.8996865203761755,1.1567398119122256,10.156739811912226,
linyiqun_DataMiningAlgorithm,2.2936507936507935,1.0873015873015872,9.96031746031746,
lionsoul2014_ip2region,4.104166666666667,1.2083333333333333,11.375,
lipangit_JiaoZiVideoPlayer,7.27536231884058,2.1159420289855073,56.63768115942029,
litesuits_android-common,3.5176470588235293,1.2470588235294118,124.3529411764706,
liyifeng1994_ssm,3.473684210526316,1.6842105263157894,2.0526315789473686,
LMAX-Exchange_disruptor,4.480487804878049,1.2902439024390244,25.882926829268293,
logisim-evolution_logisim-evolution,nan,nan,nan,
loks666_get_jobs,5.225,1.0,33.31666666666667,
LSPosed_CorePatch,2.717948717948718,1.5128205128205128,3.641025641025641,
LSPosed_LSPatch,4.342465753424658,1.3493150684931507,23.876712328767123,
ltsopensource_light-task-scheduler,4.342105263157895,1.368421052631579,24.660617059891106,
lucasr_twoway-view,6.078431372549019,1.8235294117647058,86.58823529411765,
LuckSiege_PictureSelector,5.156037991858887,1.237449118046133,49.44911804613297,
LuckyJayce_ViewPagerIndicator,5.31,1.77,20.01,
LWJGL_lwjgl3,6.818625610214045,2.3594630116410062,1011.4322193015396,
M66B_FairEmail,4.728447263330985,1.2701432933991073,33.40685929058022,
M66B_NetGuard,4.809045226130653,1.2512562814070352,18.492462311557787,
macrozheng_mall,3.9342105263157894,1.2394736842105263,1110.803947368421,
macrozheng_mall-learning,4.971887550200803,1.104417670682731,229.51004016064257,
macrozheng_mall-swarm,3.787958115183246,1.2316753926701571,1106.2290575916231,
macrozheng_springcloud-learning,4.884444444444444,1.0222222222222221,85.87555555555555,
makovkastar_FloatingActionButton,5.666666666666667,1.8148148148148149,37.592592592592595,
Malinskiy_SuperRecyclerView,3.7083333333333335,1.4305555555555556,35.888888888888886,
MarkerHub_vueblog,5.464285714285714,1.1428571428571428,0.8928571428571429,
markzhai_AndroidPerformanceMonitor,4.074074074074074,1.2777777777777777,14.074074074074074,
marytts_marytts,6.050051072522983,1.5914198161389173,113.5832482124617,
material-components_material-components-android,7.166195856873823,1.5409604519774012,94.08286252354048,
mcxtzhang_SwipeDelMenuLayout,3.1,1.25,5.2,
meefik_linuxdeploy,7.162162162162162,1.6486486486486487,35.891891891891895,
Meituan-Dianping_Leaf,3.475,1.425,11.25,
Meituan-Dianping_Robust,3.5238095238095237,1.2619047619047619,17.357142857142858,
Meituan-Dianping_walle,3.148936170212766,1.1914893617021276,8.691489361702128,
mercyblitz_tech-weekly,3.111111111111111,1.0,0.2222222222222222,
metersphere_metersphere,6.673960021609941,1.297947055645597,446.2396002160994,
microg_GmsCore,6.038019009504753,1.7233616808404202,13.877438719359679,
microsoft_malmo,7.0503597122302155,2.143884892086331,12.848920863309353,
microsoft_typespec,nan,nan,nan,
MiguelCatalan_MaterialSearchView,4.048780487804878,1.3170731707317074,22.658536585365855,
mihaip_dex-method-counts,2.739130434782609,1.4782608695652173,9.391304347826088,
mission-peace_interview,2.0134932533733134,1.0374812593703149,3.4092953523238383,
MisterBooo_LeetCodeAnimation,1.0,1.0,0.0,
MovingBlocks_Terasology,6.157764414573753,1.445348425893173,25.246551114255393,
mpusher_mpush,4.731155778894473,1.3442211055276383,24.565326633165828,
Mr-xn_RedTeam_BlueTeam_HW,nan,nan,nan,
mrniko_netty-socketio,4.823863636363637,1.2556818181818181,32.10227272727273,
MuntashirAkon_AppManager,7.928526249209361,1.4743833017077799,73.87096774193549,
mybatis-flex_mybatis-flex,5.669833729216152,1.2458432304038005,259.9809976247031,
mybatis_generator,7.955617198335645,2.453536754507628,85.63384188626907,
mybatis_mybatis-3,3.569476082004556,1.2380410022779043,21.27107061503417,
mybatis_spring-boot-starter,4.537142857142857,1.2228571428571429,16.177142857142858,
MyCATApache_Mycat-Server,4.895429899302866,1.2943454686289697,78.48799380325329,
mywalkb_LSPosed_mod,5.574944071588367,1.6241610738255035,50.20134228187919,
nanchen2251_CompressHelper,5.2727272727272725,1.0909090909090908,24.181818181818183,
NanoHttpd_nanohttpd,4.340277777777778,1.7916666666666667,22.15972222222222,
natario1_CameraView,5.597378277153558,1.3745318352059925,34.762172284644194,
nathanmarz_storm,4.425381903642773,1.2878965922444183,33.070505287896594,
NationalSecurityAgency_ghidra,nan,nan,nan,
navasmdc_MaterialDesignLibrary,4.536585365853658,1.8170731707317074,6.7560975609756095,
Nekogram_Nekogram,6.938600227143668,1.6695059625212947,70.29436399772857,
Nepxion_Discovery,4.62406015037594,1.1954887218045114,24.411654135338345,
Netflix_concurrency-limits,4.609375,1.28125,8.3828125,
Netflix_conductor,7.498493975903615,1.2545180722891567,78.67469879518072,
Netflix_eureka,5.859437751004016,1.2690763052208835,18.613119143239626,
Netflix_ribbon,4.385915492957746,1.2661971830985916,13.377464788732395,
Netflix_SimianArmy,5.845901639344262,1.4229508196721312,25.160655737704918,
Netflix_zuul,6.563461538461539,1.6096153846153847,24.998076923076923,
netty_netty,4.488761174968071,1.5275862068965518,69.05657726692209,
newbee-ltd_newbee-mall,5.033707865168539,1.0674157303370786,34.91011235955056,
nICEnnnnnnnLee_BilibiliDown,4.209923664122138,1.7213740458015268,42.18702290076336,
nicolasgramlich_AndEngine,3.7155388471177946,1.6541353383458646,55.07017543859649,
Nightonke_BoomMenu,5.6347826086956525,1.5739130434782609,227.6695652173913,
nining377_dolby_beta,4.135135135135135,1.454054054054054,7.951351351351351,
NLPchina_ansj_seg,6.31651376146789,1.188073394495413,9.577981651376147,
NLPchina_elasticsearch-sql,9.581227436823104,2.07942238267148,189.5234657039711,
nostra13_Android-Universal-Image-Loader,4.864285714285714,1.5857142857142856,28.84285714285714,
NotFound9_interviewGuide,nan,nan,nan,
NotHarshhaa_DevOps-Projects,5.774647887323944,1.1901408450704225,22.753521126760564,
novicezk_midjourney-proxy,5.9,1.2444444444444445,5.811111111111111,
oasisfeng_island,6.797814207650274,1.5191256830601092,52.114754098360656,
objectbox_objectbox-java,5.138888888888889,1.7651515151515151,105.61616161616162,
obsidiandynamics_kafdrop,5.54,1.32,28.19,
ogaclejapan_SmartTabLayout,6.355555555555555,1.6444444444444444,9.71111111111111,
ongakuer_CircleIndicator,6.511111111111111,1.6222222222222222,8.511111111111111,
OpenAPITools_openapi-generator,5.222822563215907,1.2390317700453857,85.56127080181543,
opendataloader-project_opendataloader-pdf,7.451612903225806,1.1870967741935483,52.08387096774194,
OpenFeign_feign,5.087283671933784,1.671933784800602,14.288186606471031,
openid_AppAuth-Android,7.419354838709677,1.303225806451613,33.30967741935484,
openjdk_jmh,5.392344497607655,1.2173615857826383,14.665071770334928,
OpenRefine_OpenRefine,6.6953125,1.6860795454545454,13.149147727272727,
opensearch-project_OpenSearch,7.461254425897825,1.7269600404653516,39.46722306525038,
openzipkin_zipkin,6.4487804878048784,1.5548780487804879,19.369512195121953,
oracle_visualvm,2.7457142857142856,2.0585714285714287,12.745714285714286,
orhanobut_logger,5.833333333333333,1.1666666666666667,14.944444444444445,
oshi_oshi,5.171704957678355,1.6505441354292625,30.221281741233373,
osmandapp_OsmAnd,8.98679060665362,1.7328767123287672,109.0288649706458,
paascloud_paascloud-master,6.10377358490566,1.3153638814016173,5.4568733153638815,
pagehelper-org_Mybatis-PageHelper,5.820652173913044,1.4565217391304348,29.391304347826086,
PaperMC_Paper,6.95785260183659,1.6818931010124794,102.0988933364728,
pardom-zz_ActiveAndroid,3.903225806451613,1.935483870967742,22.080645161290324,
PBH-BTN_PeerBanHelper,6.4404432132963985,1.3130193905817173,16.001385041551245,
pchmn_MaterialChipsInput,6.466666666666667,1.4222222222222223,21.91111111111111,
pedant_sweet-alert-dialog,4.375,1.25,31.0625,
pengjianbo_GalleryFinal,5.572519083969466,1.4274809160305344,45.534351145038165,
pentaho_pentaho-kettle,6.050871325470868,1.2817285689139235,81.91726808660447,
permissions-dispatcher_PermissionsDispatcher,1.6218487394957983,1.226890756302521,34.378151260504204,
perwendel_spark,4.542986425339366,1.2986425339366516,47.11764705882353,
PhilJay_MPAndroidChart,8.843137254901961,1.9803921568627452,91.0326797385621,
phishman3579_java-algorithms-implementation,3.567198177676538,1.5831435079726652,7.050113895216401,
phodal_migration,1.4166666666666667,1.0,0.08333333333333333,
Piasy_BigImageViewer,4.607142857142857,1.2857142857142858,12.80952380952381,
pig-mesh_pig,6.955613577023499,1.3080939947780679,5.300261096605744,
pingfangushi_screw,4.985294117647059,1.3529411764705883,5.242647058823529,
pinpoint-apm_pinpoint,5.246205550737208,1.1380095403295751,11.747614917606244,
plantuml_plantuml,7.177884615384615,1.5201923076923076,36.292788461538464,
PlayEdu_PlayEdu,4.136563876651983,1.1255506607929515,8.777533039647578,
PlexPt_chatgpt-java,5.27536231884058,1.2753623188405796,14.594202898550725,
PojavLauncherTeam_PojavLauncher,6.154228855721393,1.4104477611940298,124.73134328358209,
power721_alist-tvbox,4.994623655913978,1.1702508960573477,24.43189964157706,
PowerJob_PowerJob,5.7456953642384105,1.1841059602649007,5.137748344370861,
presmihaylov_booknotes,2.4242424242424243,1.0,0.7272727272727273,
prolificinteractive_material-calendarview,6.454545454545454,1.5340909090909092,69.01136363636364,
promeG_TinyPinyin,2.0307692307692307,1.0923076923076922,8.753846153846155,
provectus_kafka-ui,7.243664717348928,1.510721247563353,17.13450292397661,
puniverse_quasar,3.386212008895478,1.497405485544848,35.99703484062268,
pxb1988_dex2jar,5.425569176882662,1.5709281961471104,21.13309982486865,
Qihoo360_RePlugin,5.18859649122807,1.4166666666666667,32.01973684210526,
qii_weiciyuan,5.412765957446808,1.5191489361702128,31.979574468085108,
qiurunze123_miaosha,4.146853146853147,1.1258741258741258,14.3006993006993,
qos-ch_logback,4.433521353746978,1.726027397260274,16.968573730862207,
qstumn_BadgeView,4.3428571428571425,1.3142857142857143,49.885714285714286,
quartz-scheduler_quartz,5.57905138339921,1.4545454545454546,124.5790513833992,
Querz_mcaselector,6.8807339449541285,2.539449541284404,23.106422018348624,
rabbitmq_rabbitmq-tutorials,4.588235294117647,1.0,2.196078431372549,
ragunathjawahar_android-saripaar,5.243243243243243,1.8918918918918919,11.79054054054054,
raphw_byte-buddy,6.134775641025641,1.6309294871794873,15.210897435897436,
razerdp_BasePopup,5.890845070422535,1.6954225352112675,34.33098591549296,
rbmonster_learning-note,2.1945288753799392,1.1732522796352585,2.893617021276596,
react-native-camera_react-native-camera,nan,nan,nan,
react-native-image-picker_react-native-image-picker,6.181818181818182,1.5454545454545454,66.18181818181819,
react-native-share_react-native-share,5.585365853658536,2.073170731707317,8.609756097560975,
ReactiveX_RxAndroid,2.272727272727273,1.1272727272727272,3.090909090909091,
ReactiveX_RxJava,2.333781625619904,1.3221820627048835,47.883584096831136,
reactor_reactor-core,7.198218262806236,1.6824053452115812,121.6053452115813,
realm_realm-java,4.293410041841004,1.2128661087866108,51.74843096234309,
ReChronoRain_HyperCeiler,3.9412100456621006,1.4977168949771689,14.853881278538813,
redis_jedis,5.710635359116022,1.421270718232044,460.81008287292815,
redis_lettuce,6.503863359089061,1.3725091500610005,146.60227734851566,
RedSpider1_concurrent,nan,nan,nan,
rememberber_WePush,6.77536231884058,1.5797101449275361,25.14855072463768,
rengwuxian_MaterialEditText,5.653846153846154,1.3076923076923077,742.8461538461538,
rengwuxian_RxJavaSamples,4.547169811320755,1.3962264150943395,1.6037735849056605,
resilience4j_resilience4j,7.180985108820161,1.4450171821305842,17.674112256586483,
rest-assured_rest-assured,5.171388101983003,1.2110481586402266,105.86827195467423,
RikkaApps_Sui,4.932584269662922,1.1797752808988764,14.55056179775281,
risesoft-y9_Digital-Infrastructure,5.482352941176471,1.307563025210084,10.54453781512605,
RoaringBitmap_RoaringBitmap,5.568778979907265,1.1375579598145287,257.96754250386397,
robinhood_ticker,4.612903225806452,1.3225806451612903,27.612903225806452,
rockerhieu_emojicon,5.153846153846154,1.564102564102564,6.769230769230769,
romandanylyk_PageIndicatorView,5.513888888888889,1.5,22.805555555555557,
roughike_BottomBar,4.909090909090909,1.2878787878787878,61.666666666666664,
rovo89_XposedInstaller,4.886699507389163,1.4187192118226601,8.517241379310345,
rubensousa_PreviewSeekBar,5.6521739130434785,1.173913043478261,28.17391304347826,
s4kibs4mi_java-developer-roadmap,0.0,1.0,0.0,
seaswalker_spring-analysis,2.4242424242424243,1.2424242424242424,1.7878787878787878,
SeleniumHQ_selenium,5.790887290167865,1.381294964028777,33.50119904076739,
sergejsha_pinned-section-listview,6.0,1.8,18.2,
seven332_EhViewer,7.144758735440932,1.821963394342762,45.26289517470882,
shopizer-ecommerce_shopizer,7.9367396593673964,1.6828872668288726,34.145174371451745,
shuzijun_leetcode-editor,6.322259136212624,1.7375415282392026,20.15282392026578,
shwenzhang_AndResGuard,3.4242424242424243,1.5,22.37878787878788,
signalapp_Signal-Server,9.305533279871693,1.4819566960705695,15.724137931034482,
SimonVT_android-menudrawer,5.385714285714286,1.7142857142857142,91.71428571428571,
singwhatiwanna_dynamic-load-apk,5.82258064516129,1.435483870967742,9.419354838709678,
skylot_jadx,4.368062317429406,1.6475170399221033,32.29568321973385,
smuyyh_BookReader,4.782546494992847,1.4377682403433476,25.32331902718169,
Snailclimb_guide-rpc-framework,4.690721649484536,1.2268041237113403,1.2268041237113403,
Snailclimb_JavaGuide,nan,nan,nan,
sofastack_sofa-boot,5.153259949195597,1.1981371718882303,17.818797629127857,
sofastack_sofa-jarslink,3.5757575757575757,1.1515151515151516,2.121212121212121,
sofastack_sofa-jraft,6.236551724137931,1.4627586206896552,75.87103448275862,
sofastack_sofa-rpc,5.2126137841352405,1.32444733420026,24.43888166449935,
SonarSource_sonarqube,7.368078990126234,1.1583552055993,26.92500937382827,
spinnaker_spinnaker,6.614210777300906,1.5154983309489747,14.12029089175012,
SplashCodes_JAViewer,5.787709497206704,1.5977653631284916,11.64804469273743,
SPLWare_esProc,6.5787890184279805,2.1673561489281683,97.63670552839413,
spockframework_spock,5.392370572207084,1.438692098092643,34.39509536784741,
spotbugs_spotbugs,3.2465368775739423,1.3869337326843878,25.68307749906402,
spring-attic_spring-security-oauth,6.064064064064064,1.6026026026026026,13.3993993993994,
spring-io_start.spring.io,5.645333333333333,1.344,7.397333333333333,
spring-projects_spring-authorization-server,8.293506493506493,1.2675324675324675,22.132467532467533,
spring-projects_spring-boot,5.859628770301624,1.3979118329466358,24.27262180974478,
spring-projects_spring-data-jpa,7.281516587677725,1.328909952606635,82.08056872037915,
spring-projects_spring-framework,5.250186826091598,1.4750186826091598,29.55861001387851,
springfox_springfox,5.702464788732394,1.1205985915492958,23.252640845070424,
springside_springside4,3.165079365079365,1.276190476190476,24.784126984126985,
sqshq_piggymetrics,6.040404040404041,1.0606060606060606,3.8282828282828283,
square_android-times-square,4.553191489361702,1.2340425531914894,25.872340425531913,
square_dagger,3.1748768472906406,1.229064039408867,5.987684729064039,
square_javapoet,4.515151515151516,1.1515151515151516,129.2929292929293,
square_otto,2.4352941176470586,1.388235294117647,3.552941176470588,
square_sqlbrite,4.69811320754717,1.3584905660377358,4.30188679245283,
sshahine_JFoenix,6.92,1.6235294117647059,22.084705882352942,
ssssssss-team_spider-flow,5.385093167701863,1.7329192546583851,20.32919254658385,
stanfordnlp_CoreNLP,5.704529616724739,1.459233449477352,148.57862950058072,
StarRocks_starrocks,7.209333814768009,1.4678642354215563,134.45739303123307,
stleary_JSON-java,3.144230769230769,1.1923076923076923,368.65384615384613,
strimzi_strimzi-kafka-operator,10.972422849638871,1.4871963230466185,45.33092580433355,
sunfusheng_MarqueeView,5.409090909090909,1.3636363636363635,5.454545454545454,
SuperMonster003_AutoJs6,5.1510989010989015,1.4587912087912087,42.40384615384615,
supertokens_supertokens-core,9.603532875368009,1.450441609421001,73.71344455348381,
Suwayomi_Suwayomi-Server,5.548543689320389,1.6189320388349515,1495.5218446601941,
swagger-api_swagger-core,4.678791615289765,1.2268803945745992,49.77188655980271,
tbruyelle_RxPermissions,4.65,1.1,10.1,
tchiotludo_akhq,8.192691029900333,1.2956810631229236,29.425249169435215,
Team-xManager_xManager,2.017175572519084,1.0209923664122138,4.732824427480916,
TeamNewPipe_NewPipe,8.66468253968254,1.7182539682539681,47.87301587301587,
Telegram-FOSS-Team_Telegram-FOSS,6.562536798721507,1.6423584826310034,59.89923458659265,
Tencent_APIJSON,5.914285714285715,1.2428571428571429,1169.3285714285714,
Tencent_GT,3.8714285714285714,1.302857142857143,13.67047619047619,
Tencent_matrix,4.506819813352477,1.2893036611629576,12.894472361809045,
Tencent_QMUI_Android,5.468105065666041,1.629455909943715,35.34240150093809,
Tencent_Shadow,4.2329803328290465,1.7715582450832073,17.617246596066565,
Tencent_tinker,4.792307692307692,1.603846153846154,28.471153846153847,
Tencent_VasSonic,4.198198198198198,1.2792792792792793,21.61261261261261,
termux_termux-api,5.470238095238095,1.3928571428571428,3.6845238095238093,
termux_termux-app,5.912772585669782,1.4299065420560748,60.82554517133956,
testcontainers_testcontainers-java,5.323593073593074,1.4848484848484849,21.76082251082251,
TheAlgorithms_Java,2.0779220779220777,1.0383963862224732,11.20496894409938,
thinkaurelius_titan,5.864491844416562,1.3695106649937265,20.50564617314931,
ThirtyDegreesRay_OpenHub,6.7560975609756095,1.6326219512195121,32.92835365853659,
tiann_epic,3.228187919463087,1.6241610738255035,30.395973154362416,
tianshiyeben_wgcloud,6.0423728813559325,1.194915254237288,34.54237288135593,
timehop_sticky-headers-recyclerview,4.620689655172414,1.2758620689655173,3.2413793103448274,
tink-crypto_tink,7.6662116040955635,1.2887372013651877,30.075767918088737,
TommyLemon_Android-ZBLibrary,5.377358490566038,1.559748427672956,26.666666666666668,
TooTallNate_Java-WebSocket,3.5916030534351147,1.816793893129771,37.05725190839695,
torakiki_pdfsam,6.972136222910216,1.4009287925696594,4.956656346749226,
traccar_traccar,5.61504907306434,1.9242093784078518,6.0038167938931295,
tyrantgit_ExplosionField,4.9,1.5,4.3,
uncle-novel_uncle-novel,7.289962825278811,1.657992565055762,10.41635687732342,
UniversalMediaServer_UniversalMediaServer,5.212922173274596,2.0631424375917766,386.54405286343615,
VaughnVernon_IDDD_Samples,4.7373271889400925,1.663594470046083,27.327188940092167,
vavr-io_vavr,8.690066225165562,1.2344370860927152,1009.1854304635762,
Vedenin_useful-java-links,2.3041825095057034,1.0228136882129277,1.832699619771863,
VerbalExpressions_JavaVerbalExpressions,3.6666666666666665,1.1666666666666667,244.0,
vert-x3_vertx-examples,5.3509933774834435,1.8233995584988962,1.0264900662251655,
vespa-engine_vespa,6.0924399228205575,1.621820733204701,40.350114015085076,
vipulasri_Timeline-View,9.0,1.5,453.5,
vran-dev_PrettyZoo,5.875816993464053,1.2679738562091503,18.045751633986928,
vsch_flexmark-java,6.771793448084398,1.4247640199888951,155.22376457523598,
wasabeef_Blurry,5.142857142857143,1.0,0.6428571428571429,
wasabeef_glide-transformations,5.555555555555555,2.1481481481481484,2.7777777777777777,
wasabeef_richeditor-android,2.4186046511627906,1.1395348837209303,46.95348837209303,
watabou_pixel-dungeon,5.723480333730632,2.5446960667461265,12.423122765196663,
water8394_flink-recommandSystem-demo,3.727272727272727,1.077922077922078,6.402597402597403,
wdullaer_MaterialDateTimePicker,6.589041095890411,1.4657534246575343,127.63013698630137,
WeBankFinTech_DataSphereStudio,4.396404109589041,1.1994863013698631,47.894691780821915,
weibocom_motan,5.941943127962086,1.4348341232227488,32.71800947867298,
wendux_DSBridge-Android,2.978723404255319,1.1063829787234043,15.97872340425532,
wildfirechat_im-server,6.4454106280193235,1.5449275362318842,112.17777777777778,
williamfiset_Algorithms,2.7222222222222223,1.0555555555555556,23.85333333333333,
WinterChenS_my-site,6.188888888888889,1.1888888888888889,35.022222222222226,
wiremock_wiremock,5.983731019522777,1.418112798264642,69.92082429501085,
wkeyuan_DWSurvey,6.036363636363636,1.5454545454545454,78.77045454545454,
wushuo894_ani-rss,7.782051282051282,1.1730769230769231,7.076923076923077,
wuyouzhuguli_SpringAll,5.243386243386244,1.1111111111111112,3.748677248677249,
WVector_AppUpdate,4.4375,1.15625,37.140625,
xerial_sqlite-jdbc,3.1473214285714284,1.2678571428571428,213.39732142857142,
ximsfei_Android-skin-support,6.079012345679012,1.3925925925925926,17.671604938271606,
xkcoding_spring-boot-demo,5.051867219917012,1.1307053941908713,2.3215767634854774,
xpipe-io_xpipe,7.173886883273165,1.5487364620938628,19.926594464500603,
xuchengsheng_spring-reading,2.8137931034482757,1.0275862068965518,0.5413793103448276,
xuexiangjys_XUI,5.733252866626433,1.6590223295111648,52.71031985515993,
xuuhaoo_OkSocket,4.36,1.4266666666666667,6.64,
xuxueli_xxl-job,4.988372093023256,1.1569767441860466,24.453488372093023,
xxv_android-lifecycle,7.0,1.6666666666666667,151.66666666666666,
yacy_yacy_search_server,5.336145360155743,1.3666450356911097,46.82738481505516,
Yalantis_Phoenix,4.333333333333333,1.6666666666666667,7.541666666666667,
Yalantis_Side-Menu.Android,3.888888888888889,1.2222222222222223,4.111111111111111,
Yalantis_uCrop,6.337662337662338,1.3636363636363635,28.90909090909091,
yangchong211_YCAppTool,4.657682512733446,1.3251273344651953,21.598684210526315,
yanzhenjie_AndPermission,3.994047619047619,1.1666666666666667,7.488095238095238,
yanzhenjie_AndServer,5.0233644859813085,1.5420560747663552,48.05140186915888,
yanzhenjie_NoHttp,4.456140350877193,1.5,45.64912280701754,
yanzhenjie_SwipeRecyclerView,4.847272727272728,1.3890909090909092,26.94181818181818,
yarolegovich_DiscreteScrollView,4.228571428571429,1.2476190476190476,19.114285714285714,
yasserg_crawler4j,5.27710843373494,1.3132530120481927,55.89156626506024,
ybq_Android-SpinKit,4.816901408450704,3.1690140845070425,21.52112676056338,
yixia_VitamioBundle,4.9504950495049505,1.316831683168317,75.06930693069307,
YoKeyword_Fragmentation,5.232394366197183,1.7077464788732395,15.116197183098592,
youlookwhat_DesignPattern,2.5380710659898478,1.2791878172588833,1.4263959390862944,
youth5201314_banner,6.082191780821918,1.8356164383561644,47.68493150684932,
yuanguangxin_LeetCode,1.2413793103448276,1.0,0.8413793103448276,
yudaocode_SpringBoot-Labs,4.438223938223938,1.054054054054054,1.7046332046332047,
yui_yuicompressor,3.2857142857142856,1.5714285714285714,88.42857142857143,
yuliskov_SmartTube,6.664233576642336,1.5450121654501217,66.31052311435523,
YunaiV_ruoyi-vue-pro,8.206201856606755,1.2229903219435116,13.597076831917835,
YunaiV_yudao-cloud,8.161050156739812,1.213166144200627,13.473354231974922,
zaiyunduan123_springboot-seckill,4.86,1.18,13.36,
zaproxy_zaproxy,4.747589098532495,1.9056603773584906,70.91991614255765,
ZCShou_GoGoGo,7.25,1.4583333333333333,12.875,
zendesk_maxwell,6.108974358974359,1.6217948717948718,32.13782051282051,
zfdang_Android-Touch-Helper,4.127272727272727,1.1818181818181819,1.9454545454545455,
zfile-dev_zfile,7.094252873563218,1.4827586206896552,9.797701149425288,
zhanghai_Douya,5.603697749196141,1.6254019292604502,28.39790996784566,
zhanglei-workspace_shopping-management-system,3.515463917525773,1.3608247422680413,76.3298969072165,
ZHENFENG13_My-Blog,4.758620689655173,1.0517241379310345,29.551724137931036,
ZHENFENG13_spring-boot-projects,4.2,1.075,11.6625,
zhihu_Matisse,6.657894736842105,1.394736842105263,8.078947368421053,
zhisheng17_flink-learning,4.375757575757576,1.1424242424242423,3.0272727272727273,
ZhongFuCheng3y_austin,6.267241379310345,1.1235632183908046,1.4511494252873562,
zhongyi-tong_WeChatLuckyMoney,5.380952380952381,1.380952380952381,8.80952380952381,
zhou-you_RxEasyHttp,4.118309859154929,1.1859154929577465,47.735211267605635,
zhpanvip_BannerViewPager,5.410958904109589,1.4109589041095891,47.821917808219176,
zo0r_react-native-push-notification,6.310344827586207,1.2413793103448276,15.482758620689655,
zongzibinbin_MallChat,6.236486486486487,1.2027027027027026,4.4391891891891895,
zouzg_mybatis-generator-gui,7.17948717948718,1.4871794871794872,69.94871794871794,
zwwill_yanxuan-weex-demo,0.6,1.0340425531914894,2.051063829787234,
zxing_zxing,4.993322203672788,1.662771285475793,22.81135225375626,
zzhoujay_RichText,4.2727272727272725,1.446969696969697,10.545454545454545,
